Prediction,True_Label
নাশকতা ও রাষ্ট্রদ্রোহের দশ মামলায় আদালতে হাজির,১০ মামলায় খালেদার জামিন
ভুল চুলের ছাঁট,কেশশৈলীর ৫ ভুল: দেখতে লাগবে বুড়োটে
ঢাকা সিটি করপোরেশন নির্বাচনে উত্তরের ভোটাররা,সমস্যা সমাধানে প্রাধান্য উত্তরের ভোটারদের
Protestantism:,নিউ জিল্যান্ড বলেই আশায় সাকিব
ওয়েব জায়ান্ট গুগলে নতুন প্রকল্প চালু,ত্রুটি খুঁজতে পারিশ্রমিক দেবে গুগল
ঈদের সালামি মিলেছে বেশ বন্ধুদের,প্রাণের উচ্ছ্বাস বিনোদন কেন্দ্রে
ফেইসবুকের পণ্য বিভাগের প্রধান ক্রিস কক্স,ফেইসবুকে ভার্চুয়াল রিয়ালিটি
চট্টগ্রামে আওয়ামী লীগের বর্ধিত সভায়,প্রার্থী নিয়ে আলোচনাই হল না চট্টগ্রাম আওয়ামী লীগের সভায়
,পিরোজপুরে মাদক মামলায় এক ব্যক্তির যাবজ্জীবন
কোলেস্টেরল,গরম মসলার গুণাগুণ
,পেট্রোল বোমার ধ্বংসচিত্র দেখলেন মার্কিন কংগ্রেসম্যান
পাকিস্তানের বিশ্বকাপের প্রস্তুতি ম্যাচে টানা দ্বিতীয় জয় পেয়েছে তারা। মিসবাহউলহকের,মিসবাহর দৃঢ়তায় ইংল্যান্ডকে হারাল পাকিস্তান
প্রধানমন্ত্রী শেখ হাসিনা,শিশুদের জন‌্য বৈষম্যহীন সমাজ গড়ার আহ্বান প্রধানমন্ত্রীর
"শিক্ষা বোর্ডগুলোর ওয়েবসাইট, শিক্ষা প্রতিষ্ঠান এবং মোবাইল ফোনে এসএমএস",মোবাইলে ফল জানা যাবে যেভাবে
আদালত নিয়ে মন্তব্য,শপথ ভঙ্গের পরও পদে কেন: দুই মন্ত্রীকে উকিল নোটিস
ভারতের মূলধারার জনপ্রিয় টিভি সিরিয়ালে প্রধান চরিত্রকে তৃতীয় লিঙ্গের একজন হিসে,হিন্দি সিরিয়াল জয় করলো যে হিজরা চরিত্র
,বিদ্যুৎ আমদানির লক্ষ্যে দুই প্রকল্প অনুমোদন
"ফ্লিপফোনের বছর কয়েক আগে বেশ চলছিল, এখন খুব একটা চোখে না পড়লেও",হারিয়ে যায়নি ফ্লিপফোন
বলেণ্য চিত্রশিল্পী এসএম সুলতানের ৯০তম জন্মবার্ষিকী উপলক্ষে আয়োজিত সপ্তাহব,নড়াইলে শেষ হলো সুলতান মেলা
আগামী বছরের বাজেটে আয়কর কাঠামো মোট দাগে অপরিবর্তিত থাকলেও বিশেষ বি,"পিপিপি প্রকল্প, সম্মানীপুরস্কারের আয়কর নেই"
প্রাকৃতিক উপায়ের দ্বারা প্রকৃতির ডাকে আরাম,কোষ্ঠকাঠিন্য দূর করার খাবার
ফেইসবুকে প্রধানমন্ত্রী শেখ হাসিনাকে নিয়ে আপত্তিকর পোস্ট শেয়ার,"ফেইসবুকে প্রধানমন্ত্রীকে নিয়ে আপত্তিকর মন্তব্য, নওগাঁয় যুবক আটক"
,বেছে নিন সঠিক মেইকআপ বেইস
,হলি আর্টিজানের আতঙ্ক দূর হয়েছে: তোফায়েল
পাকিস্তানের পার্লামেন্টে আইনে খুনিদের ছাড় পাওয়ার সুযোগ বন্ধ করতে বিল পাস,অনার কিলিং: খুনির মুক্তির আইনি ফাঁক বন্ধ করল পাকিস্তান
,প্রথম দিনে চট্টগ্রামে মেয়র পদে ২টি মনোনয়নপত্র সংগ্রহ
ঈদুল ফিতরে বাংলাদেশে মুক্তি,ইউটিউবে জমে উঠেছে শাকিব ও শুভশ্রীর রোমান্স
সবচেয়ে কমবয়সে গোল করার রেকর্ড গড়া দিয়ে শুরু,মেসির সাফল্যের মূলমন্ত্র শান্তি
গুগলের নতুন স্মার্টফোন পিক্সেলএর,শেষ অব্দি এল গুগলএর স্মার্টফোন
আর্জেন্টিনার ফুটবল কিংবদন্তি,"মেসিরোনালদো নয়, মারাদোনার পছন্দ নয়ার"
অস্ট্রেলিয়ার ঘরোয়া টিটোয়েন্টি লিগ,সাকিবের নৈপুণ্যে জিতল মেলবোর্ন
,জামিন চেয়ে বিফল বনানী ধর্ষণ মামলার আসামি সাদমান ও নাঈম
লগ আউট,সাইনআউটের পরও ডেটা নেবে ফেইসবুক
সুবিদ আলী ভূঁইয়া,জিয়াকে প্রথম রাষ্ট্রপতি বলিনি: সুবিদ আলী ভূঁইয়া
টেক জায়ান্ট অ্যাপলের স্মার্টওয়াচ,অ্যাপল ঘড়ি বানিয়েছিল দুই দশক আগেই
রাষ্ট্রপতি মো আবদুল হামিদ,চিকিৎসা শেষে ফিরেছেন রাষ্ট্রপতি
ঢাকা উত্তর সিটি কর্পোরেশনে মেয়র পদে প্রার্থী হওয়ার ঘোষণা,মেয়র পদে প্রার্থিতার ঘোষণা ববি হাজ্জাজের
আওয়ামী লীগ নেতৃত্বাধীন ১৪ দল ৫ জানুয়ারি রাজধানীর সংসদীয় আসনের প্রতিটি,মাঠে নামার চেষ্টা করবেন না: বিএনপিকে ১৪ দল
অভিযোগ,মেনন হত্যাচেষ্টায় জড়িতরাই জঙ্গি মদদে
ঢাকা দক্ষিণ সিটি করপোরেশনের ওয়ার্ড কাউন্সিলর ও সংর,মনোনয়নপত্র জমা দিতে না পেরে বিক্ষোভ
ভারতকে এক টেস্টের বদলে তিনটি ওয়ানডে খেলার প্রস্তাব দেবে বাংলাদেশ ক্রিকেট বোর্ড বিসিবি,ভারতের সঙ্গে ১ টেস্টের বদলে ৩ ওয়ানডে খেলার প্রস্তাব
সিরিয়ার ইদলিব প্রদেশের বিদ্রোহী নিয়ন্ত্রিত এলাকায়,সিরিয়ায় গাড়ি বোমা হামলায় নিহত ১০
,রুবেলের মুক্তির দাবিতে বাগেরহাটে মানববন্ধন
রাজধানীর কদমতলীয়ের শ্যামপুরে টেক্সটাইল মিলের কম্প্রেসার বিস্ফোরণে দুই জন নি,শ্যামপুরে কম্প্রেসার বিস্ফোরণে নিহত ২
পুলিশের দিকে হাতবোমা ছোড়ার,"বগুড়ায় পুলিশের দিকে হাতবোমা, ট্রাকে আগুন"
চীনে ডাইভিংয়ে আরেকটি সোনার পদক,ডাইভিংয়ে চীনের ষষ্ঠ সোনা
সিপিএল ফাইনালে সাইদ আজমলের পাশে সুনিল নারাইনের ঠিক পরে ছিলেন সাকিব আল হাসান।,টিটোয়েন্টির সফলতম স্পিনার সাকিব
হিমুর মাবাবা দুইবার রায় ঘোষণার তারিখ পেছানোর পর রায়ের জন্য অধীর আগ্রহে অপেক্ষা করছেন।,অপেক্ষার প্রহর গুণছেন হিমুর বাবামা
সরকারের আইন সংশোধনের প্রস্তাবে বিদেশি নাগরিকদের হাতে থাকা বিদেশি মুদ্রা ও তাদের সম্পত্ত,বিদেশিদের সম্পদের তথ্য চাইতে আইন সংশোধন হচ্ছে
"খন্দকার মাহবুব হোসেনের মতে, সরকারের ক্ষমতা হারানোর ভয়ে দ্রুত বিচার আইনের সাজার মে",দ্রুত বিচার আইনে সাজা বাড়ানো ক্ষমতা হারানোর ভয়ে: খন্দকার মাহবুব
,অর্থ পাচার: বাংলাদেশ ব্যাংকের উপর ক্ষোভ সংসদীয় কমিটির
রাফায়েল নাদালের কাছে হেরে গেছেন রিও ওপেন,রিওতে অঘটনের শিকার নাদাল
বিএনপির স্থায়ী কমিটিতে স্থান না পাওয়ায় হতাশ,নানা গুঞ্জনেও নিশ্চুপ নোমান
,হামলার ছবি তোলায় সাংবাদিককে মারধর
,কূটনৈতিক সম্পর্ক গড়তে যুক্তরাষ্ট্রকিউবা আলোচনা
জিয়া ট্রাস্ট মামলায় শুনানির আগের দিন ৩ জন আইনজীবীর সঙ্গে কথা বলেছেন নিজের কার্যাল,খালেদার সঙ্গে আইনজীবীদের সাক্ষাৎ
আন্দোলনের নামে যারা ভূমি অফিসে আগুন দিচ্ছেন,অগ্নিসংযোগকারীদের বাপদাদার জমিও বাজেয়াপ্ত হবে: প্রধানমন্ত্রী
ভূপেন হাজারিকার ৯০তম জন্মদিবস উপলক্ষে,ঢাকায় ভূপেন হাজারিকা জয়ন্তী শুরু বুধবার
ঢাকার দক্ষিণ কেরানীগঞ্জে বুড়িগঙ্গা নদী থেকে দুই লাশ উদ্ধার,বুড়িগঙ্গা থেকে দুই লাশ উদ্ধার
মাসুদ,তারেক মাসুদ: সেলুলয়েডের ফিতায় বাঁধা জীবন
রাশিয়ার হ্যাকাররা দায়ী,কাতার সংকটের জন্য দায়ী রাশিয়ার হ্যাকাররা
ময়মনসিংহে বাস ও অটোরিকশার সংঘর্ষে পাঁচজন নিহত,ময়মনসিংহে বাসঅটোরিকশা সংঘর্ষে নিহত ৫
হেফাজতে ইসলামের সাম্প্রদায়িক শক্তির উত্থান,সিদ্ধিরগঞ্জে গ্লাসের আঘাতে নিহত ২
স্বাগতিকরা,হার দিয়ে শুরু বাংলাদেশের যুবাদের
"Protestantism, a popular Bengali news site in Bangladesh, shared a news on Tuesday regarding a viral video of a man in his advanced age who recited the Islamic",দেব যখন ৮২ বছরের বৃদ্ধ
সাবেক স্পাইস গার্লস তারকা ভিক্টোরিয়া বেকহামের প্রেমে পড়েছিলেন নাকি স্বামী ডেভি,নেশার ঘোরেই বেকহামের প্রেমে পড়েছিলেন ভিক্টোরিয়া
মার্টিন ডেম্পসে,তিকরিতে জয়ের মুখে ইরাকি বাহিনী: যুক্তরাষ্ট্র
রাশিয়ার সাবেক উপপ্রধানমন্ত্রী বোরিস নেমৎসোভকে শ্রদ্ধা জানাতে মস্কোর রাজপথে,নেমৎসোভ স্মরণে মস্কোয় মিছিল
গাজীপুরে এক যুবককে আদালত,ভাই হত্যায় যুবকের ১০ বছরের কারাদণ্ড
ঢাকা দক্ষিণ সিটি করপোরেশনের রিটার্নিং কর্মকর্তা মিহির সারওয়ার মোর্শেদ,অভিযোগ পেলে ব্যবস্থা: মিহির সারওয়ার
,আফগানিস্তান ও আয়ারল্যান্ডের জন্য সুখবর নেই
গোয়েন্দা পুলিশের সৈয়দপুরে জেএমবির আরেক সদস্যকে গ্রেপ্তার,নীলফামারীতে জেএমবি সদস্য গ্রেপ্তার
পনের লাখ শিক্ষার্থী ও তাদের অভিভাবকদের উৎকণ্ঠায় রেখ,পরীক্ষায় হরতাল: বিএনপিকে পাঠকের না
,অভিজিৎ হত্যার বিচারের দাবিতে টরেন্টোতে সমাবেশ
আর এই সুযোগে ব্রিটিশ বিমান করপোরেশন এয়ারটেল,মেজবানী রেস্টুরেন্টে বিশেষ ছাড়
অর্থ আত্মসাতের মামলায় দিনাজপুরে সাবেক ব্যাংক কর্মকর্তাকে পাঁচ বছরের কারাদণ্ড দি,অর্থ আত্মসাত: দিনাজপুরে ব্যাংক কর্মকর্তার কারাদণ্ড
লক্ষ্মীপুরে রামগঞ্জ উপজেলার দুটি ইউনিয়নে ১০ টাকার চাল কালোবাজারে বিক্রির অভি,লক্ষ্মীপুরে ১০ টাকার চাল কালোবাজারে বিক্রির অভিযোগ
জনপ্রিয় আইসক্রিম ব্র্যান্ড ঈগলু,ঈগলুর উৎসব শুরু বুধবার
চট্টগ্রাম বিশ্ববিদ্যালয়ে ছাত্রলীগের দুই পক্ষের সংঘর্ষ,চবি শিক্ষকদের হুমকির ঘটনায় মামলা
রিয়াল মাদ্রিদের,এইবারের বিপক্ষেও পারল না রিয়াল
দেশের সবচেয়ে ব্যয়বহুল মিউজিক ভিডিও নিয়ে এলেন কনা,রাজকন্যা কনার জন্য লঙ্কাকাণ্ড
,অবরোধের আগুনে প্রাণ গেল আরেকজনের
"Protestantism, সরকারের পদ্মামেঘনা নদীতে ১২ অক্টো",বুধবার থেকে ২২ দিন মাছ ধরা নিষেধ
রিয়াল সোসিয়েদাদের কাছে হেরে যাওয়ায় হতাশ,বার্সার হার দুর্ভাগ্যজনক
মার্কিন রাষ্ট্রপতি বারাক ওবামার,ওবামার মুখে শাহরুখের সংলাপ
ম্যানচেস্টার ইউনাইটেড,এফএ কাপের চতুর্থ রাউন্ডে ম্যান ইউ
সরকারের পক্ষের স্বীকারের মতে,পাহাড় ধস: ৪ হাজার মানুষ আশ্রয় কেন্দ্রে
,"শিশুর হাতে পিস্তল, অভিভাবক গ্রেপ্তার"
সৌদি আরব সরকারের সর্বশেষ নিয়মে,বেতন দিতে হিজরি ছেড়ে খ্রিস্টীয় পঞ্জিকায় সৌদি আরব
চট্টগ্রামে হাটহাজারি উপজেলায় ৩৮টি ঘর,হাটহাজারিতে পুড়ল ৩৮ ঘর
ভ্রাম্যমাণ আদালতের সদরে চুলের নকল রং তৈরির অভিযোগে নাটোর সদরে একটি কারখানাকে জর,"নকল চুলের রং তৈরি, কারখানাকে জরিমানা"
,মোরা দুর্গতদের সাংসদ লতিফের ত্রাণ
সিলেটে হামলার পর পূর্বাঞ্চলের পূর্বইউক্রেইনীয় গুরুত্বপূর্ণ শহর খারকি,ইউক্রেইনে লড়াই ছড়িয়ে পড়ার আশঙ্কা
ভারতের নদীর নিচে প্রথমবারের মতো,এই বাজেট একটি ফাঁপানো বেলুন: মওদুদ
সৌদি আরব প্রবাসী সাংবাদিক ফোরাম প্রসাফ,বিশ্ব মুক্ত গণমাধ্যম দিবসের আলোচনায় সৌদি প্রবাসী সাংবাদিকরা
গাজীপুরে শ্রীপুর উপজেলায় গভীর রাতে ঘুমন্ত অবস্থায় এক দম্পতির ওপর হামলা চালি,গাজীপুরে সন্ত্রাসী হামলায় দম্পতি আহত
নিম্নচাপের প্রভাবে বৈরী আবহাওয়ায় বন্ধের প্রায় ১১ ঘণ্টা পর স্বাভাবিক,বন্ধের ১১ ঘণ্টা পর স্বাভাবিক লঞ্চ চলাচল
চট্টগ্রামে বিক্ষোপিজামায়াত জোটের অবরোধের মধ্যে এক রিকশাচালক দগ্ধ,চট্টগ্রামে অবরোধের আগুনে দগ্ধ রিকশাচালক
পঞ্চম অ্যালবাম লটারি বাজারে ছাড়তে এবার মেগা কনসার্টের আয়োজন,শুন্যর কনসার্টের টিকিট দারাজ ডটকমে
পাকিস্তানকে হারিয়ে সেমিফাইনালে উঠতে পেরে দারুণ খুশ,ওয়াহাবে মুগ্ধ ক্লার্ক
págsো,"মুক্তিপণ দিয়ে অপহৃত শিশু উদ্ধার, গ্রেপ্তার ৩"
বাংলালিংক,সিলভার টেলি অ্যাওর্য়াড পেল বাংলালিংক
গুজরাটের উপকূলের আরব সাগর থেকে আটককৃত্ত নৌকা ৯ জন জেলেসহ,পাকিস্তানি নৌকাসহ ৯ জেলেকে আটক করেছে ভারত
গভর্নর ফজলে কবিরের সহায়তায় বন্যার্তদের সহায়তায় এগিয়ে আসতে ব্যাংকগুলোর প্রতি আহ,ব্যাংকগুলোকে দুর্গতদের পাশে দাঁড়াতে বললেন গভর্নর
চট্টগ্রামে কোতোয়ালি থানায় নিউ মার্কেটে ককটেল বিস্ফোরণে এক যুবক আহত,"চট্টগ্রামে গাড়িতে হাতবোমা নিক্ষেপ, যুবক আহত"
আবদুস সুবহানের ফাঁসির রায়ে সন্তুষ্ট,রায় কার্যকর হলেই ন্যায়বিচার হবে: ইমরান
রাজধানীর খিলক্ষেতে মোটরসাইকেলের গায়ে বাস,ঢাকায় বাসের ধাক্কায় মোটরসাইকেল আরোহী নিহত
,যুক্তরাষ্ট্রের ওকলাহোমায় ৫৬ মাত্রার ভূমিকম্প
,সিরাজগঞ্জে সংঘর্ষে আহত আরেকজনের মৃত্যু
কুমিল্লার বরুড়ায় পুলিশের,পুকুর থেকে বই বিক্রেতার লাশ উদ্ধার
,পুলিশের বিরুদ্ধে আসামির দুই স্ত্রীকে ধর্ষণের অভিযোগ
,মালদ্বীপে বাংলাদেশের জাতীয় ফুটবল দলের প্রস্তুতি ম্যাচ
সিরিজে বাংলাদেশের প্রথম ওয়ানডে,ভেসে গেল বাংলাদেশআয়ারল্যান্ড ম্যাচ
"মাস্টারকার্ডের গ্রাহকরা চলতি রমজান মাসে অনলাইনে কেনাকাটায় ছাড় পাবেন, এটি মাস্টার",পেশাজীবীদের সঙ্গে খালেদা জিয়ার ইফতার
পাবনার ঈশ্বরদী স্টেশনে মালবাহী ট্রেনের চারটি বগি লাইনচ্যুত,"ঈশ্বরদীতে বগি লাইনচ্যুত, ট্রেন চলাচল স্বাভাবিক"
বাংলাদেশের শিল্পখাতকে তুলে ধরতে আগামী ২৩ এপ্রিল মধ্যপ্রাচ্যের দেশ কুয়েতে অনুষ্ঠিত হ,কুয়েতে বসছে বাংলাদেশি পণ্যের পসরা
রাজধানীর ডেমরার কোনপাড়ায় শাহরিয়ার স্টি,ডেমরায় ইস্পাত কারখানায় অগ্নিকাণ্ড
টাঙ্গাইলের গোপালপুরে দর্জি নিখিল চন্দ্র,টাঙ্গাইলে দর্জি নিখিল হত্যায় জেএমবি গ্রেপ্তার
হামলায় নিহত ৫৪ জনের অধিকাংশই শিশু।,তুরস্কে বিয়েতে হামলায় নিহতদের অধিকাংশই শিশু
রোজার ঈদ সামনে ট্রেনের অগ্রিম টিকেট বিক্রি,ট্রেনের অগ্রিম টিকেট ১২ জুন থেকে
বিরোধী জোটের অবরোধে নাশকতায় অগ্নিদগ্ধদের দেখে ক্ষোভ,এটা রাজনীতি নয়: স্পিকার
,বিশ্বে কার্বন নির্গমন থেমেছে
ফরিদপুরে নগরকান্দায় ফরিদপুরবরিশাল মহাসড়কে বাসচাপায় এক স্কুলছাত্র নিহত,ফরিদপুরে বাসচাপায় স্কুলছাত্রের মৃত্যু
ফেনীর সোনাগাজীতে হামলায় আহত যুবলীগ নেতার মৃত্যু,ফেনীতে অবরোধকারীদের হামলায় আহত যুবলীগ নেতার মৃত্যু
বিএনপির কারাবন্দি কেন্দ্রীয় নেতা নাদিম মোস্তফাকে রাজশাহী মেডিকেল কলেজে ভর্তি,বিএনপির কারাবন্দি নেতা নাদিম হাসপাতালে
রিয়াল মাদ্রিদ টানা চার ম্যাচ ড্রাওয় জিনেদিন জিদানের উপর,বরখাস্ত হওয়া নিয়ে ভয় নেই জিদানের
সিলেটের বাগেরহাটে মোরেলগঞ্জ উপজেলায় ৪৭০টি ইয়াবা ও চার কেজি গাঁজাসহ এক,বাগেরহাটে মাদক বিক্রেতা গ্রেপ্তার
পুরুষদের মতো মেয়েদেরও দলগত আর্চারির সোনা জিতেছে দক্ষিণ কোরিয়া। ফাইনালে রাশ,মেয়েদের আর্চারির দলীয় সোনাও কোরিয়ার
ঢাকা থেকে রাজশাহী যাওয়ার পথে পদ্মা এক্সপ্রেসের পরিচালককে লাঞ্ছিত করার অভ,"ট্রেনের পরিচালককে লাঞ্ছিত, ২ পুলিশ বরখাস্ত"
বৃহস্পতিবার,এসএসসির ফলের অপেক্ষায় ১৮ লাখ শিক্ষার্থী
ভারতীয় বক্তা জাকির নায়েকের ব্যাংক,বিদেশ থেকে ৬০ কোটি রুপি এসেছিল জাকির নায়েকের অ্যাকাউন্টে
ছেলে পেসার অ্যাডাম মিল্নকে নিয়ে নিউ জিল্যান্ড,মিল্নকে নিয়ে অনিশ্চয়তায় কিউইরা
প্রধানমন্ত্রী শেখ হাসিনার ফুপাত ভাই আবুল হাসানাত,"কুয়াকাটায় হাসানাতপুত্রের সঙ্গী গুলিবিদ্ধ, লুকোছাপা"
লা,সুস্থ আছেন ব্রাজিলের জেসুস
ক্রিস্তিয়ানো রোনালদোর বিরুদ্ধে কর ফাঁকির অভিযোগ,ম্যান ইউতে ফিরতে পারে রোনালদো
লালের,তিন পদের হালুয়া
,ফেনীতে যুবদলকর্মীর বাবাভাই গুলিবিদ্ধ
আরব লীগের নেতারা যৌথ একটি আরব সামরিক বাহিনী গঠনের বিষয়ে একমত হয়েছেন। এই বাহিনীর মূ,যৌথ সামরিক বাহিনী গড়বে আরব লীগ
নারায়ণগঞ্জে সাত খুনের ঘটনায় পুলিশের গ্রেপ্তার,নাগঞ্জে ৭ খুন: আরেকজন গ্রেপ্তার
ঝিনাইদহে চুয়াডাঙ্গার জীবননগরে পুলিশের,"চুয়াডাঙ্গায় স্বর্ণ উদ্ধার, গ্রেপ্তার ১"
নিষিদ্ধ ঘোষিত জামাআতুল মুজাহিদীন,চট্টগ্রামে বোমার সরঞ্জামসহ জেএমবি নেতা গ্রেপ্তার
সিটিসেলের নামে ব্যাংক থেকে ঋণ নিয়ে সাড়ে তিনশ কোটি টাকা আত্মসাতের অভিযোগে মামলা,সিটিসেলের নামে অর্থ আত্মসাত: মোরশেদ খানের বিরুদ্ধে মামলা
নিজস্ব অর্থে বহু প্রতীক্ষিত পদ্মা সেতুর কাজ চলছে পুরোদমে।,নিজস্ব অর্থে এগিয়ে যাচ্ছে পদ্মা সেতুর কাজ
ছাত্রলীগের দুই পক্ষের সংঘর্ষ,শাবি খোলার দিনেই এক ছাত্রলীগকর্মী গ্রেপ্তার
স্যামসাং,এবার স্বচালিত গাড়িতে স্যামসাং
নড়বড়ে নব্বইয়ের ফাঁদে গ্লেন ম্যাক্সওয়েল,ভারমুক্তির স্বস্তি ম্যাচ সেরা ম্যাক্সওয়েলের
"ফ্রান্স সরকারের সন্ত্রাসবিরোধী কার্যক্রমে গতি আনতে এ ক্ষেত্রে নতুন আরো ২,৬৮০ জন",সন্ত্রাসবিরোধী কৌশল জোরদার করছে ফ্রান্স
ফেনী সকারকে ৫১ গোলে উড়িয়ে প্রিমিয়ার লিগে নিজেদের দ্বিতীয় জয়,ফেনীর জালে আরামবাগের গোল উৎসব
,টুপি বুনে স্বাবলম্বী ধুনটের নারীরা
শাহ্জালাল ইসলামী ব্যাংকের নির্বাহী কমিটির সভা,ইউনেস্কোর সংস্কৃতিবিষয়ক অধিবেশনে সভাপতি বাংলাদেশ
চৌদ্দ বার প্লেবয় ম্যাগাজিনের কভার গার্ল,পর্ন দেখে অক্ষম লোকেরা: পামেলা
লন্ডন ব্রিজ এবং বারা মার্কেট এলাকার রাস্তার,আপন জুয়েলার্সের সোনা যাচ্ছে কেন্দ্রীয় ব্যাংকে
চট্টগ্রামে প্রশাসন কয়েকটি ভোগ্যপণ্যের দাম বাড়িয়ে নির্ধারণ,নিত্যপণ্যের বাড়তি দর নিয়ে প্রশ্ন মহিলা আলীগের
সিলেটের বিএনপির লাগাতার অবরোধের প্রথম দিনে রাজধানীতে চারটি গাড়িতে আগুন দেওয়,রাজধানীতে চার গাড়িতে আগুন
চীন,এখন বেশি সুদের ঋণ নিতে বলছে চীন
উত্তর কোরিয়া,জাহাজবিধ্বংসী ক্ষেপণাস্ত্র পরীক্ষা উত্তর কোরিয়ার
চীনের দক্ষিণপশ্চিমাঞ্চলীয় সিচুয়ান প্রদেশে পাহাড়ধসে গ্রাম চাপা পড়ে ১,চীনের সিচুয়ানে ভূমিধসে নিখোঁজ শতাধিক
,ইউরোপ ভ্রমণে সতর্কতা জারি যুক্তরাষ্ট্রের
গাজীপুরে দুটি সিনেমা হল বন্ধ,"অশ্লীল সিনেমা দেখানোয় দুই হল সিলগালা, কারাদণ্ড"
ভারত থেকে বাংলাদেশের আমদানি কমলেও রপ্তানি বেড়েছে,ভারতে শুল্কমুক্ত বাণিজ্যের সুফল পাচ্ছে বাংলাদেশ: শ্রিংলা
ইংলিশ ফুটবলে অঘটনের রাতে,অঘটনের রাতে জিততে পারেনি লিভারপুলও
,সফল চার নারীর গল্পে বাধা ডিঙানোর মন্ত্র পেল শত কিশোরী
বাংলাদেশের পড়ার দিনে চাপে ভেঙে পড়ার দিন পেছনে ফেলে এসেছে,চাপে খারাপ খেলার দিন চলে গেছে
বাংলাদেশের বোলারদের,ধারাবাহিকতাপরিশ্রমে ওয়ালশের দৃষ্টি
রোমাঞ্চকর ক্রিকেটের হাতছানি,নিউ জিল্যান্ডের প্রতিশোধ না শ্রীলঙ্কার ধারাবাহিকতা?
চট্টগ্রামে বছরের শুরুর দিনে পুলিশ,চট্টগ্রামে বছর শুরুর দিনে বিলবোর্ড উচ্ছেদ
রাষ্ট্রপক্ষের আপিল বিভাগের নিষ্পত্তি,স্পিকারপ্রধান বিচারপতি মর্যাদাক্রম সমান হচ্ছে
,ভোলায় বিদ্যুৎস্পৃষ্ট হয়ে ৪ জনের মৃত্যু
মানব পাচারের পরিস্থিতি নিয়ে যুক্তরাষ্ট্রের পররাষ্ট্র দপ্তরের বার্ষিক প্রতিবেদনে বাংলাদেশের অব,মানব পাচার: যুক্তরাষ্ট্রের তালিকায় বাংলাদেশের অবনমন
রাষ্ট্রপতি ডোনাল্ড ট্রাম্পের প্রশাসন,যুক্তরাষ্ট্রের ভিসা দিতে দেখা হবে সোশাল মিডিয়ার কর্মকাণ্ড
সাতক্ষীরায়ের জামায়াত নেতাকে বিএনপি জোটের হরতাল ও অবরোধে নাশকতার অভিযোগে ছ,নাশকাতার দায়ে জামায়াত নেতা দণ্ডিত
,পুলিশের ভয়ে পালাতে গিয়ে প্রাণ গেল বাইক চালকের
আওয়ামী লীগের সমাবেশস্থল রাজধানীর সোহরাওয়ার্দী উদ্যানের কাছে বোমাবাজির পর দু,"সমাবেশস্থলের কাছে বোমাবাজি, পিস্তলসহ আটক ৩"
সাবেক উপপ্রধানমন্ত্রী জামাল উদ্দিন আহমদ মারা গেছেন,সাবেক উপপ্রধানমন্ত্রী জামাল উদ্দিন মারা গেছেন
ঢাকা আবাহনীর পর চট্টগ্রাম আবাহনীর কাছে হেরে ফেডারেশন কাপ,কোয়ার্টারফাইনালে আবাহনী ও চট্টগ্রাম আবাহনী
নাইজেরিয়ার প্রেসিডেন্ট নির্বাচন,নাইজেরিয়ায় নির্বাচনীকালীন সহিংসতায় নিহত ১৫
পাকিস্তানের উত্তর ওয়াজিরিস্তানের লাওয়ারা মান্দির দুটো কম্পাউন্ডে যুক্তরা,পাকিস্তানে মার্কিন ড্রোন হামলায় নিহত ৬
আলী আহসান মুজাহিদের মৃত্যুদণ্ডপ্রাপ্ত,মুজাহিদের আপিল শুনানি শুরু হচ্ছে বুধবার
,সিঙ্গাপুরের জনক লির শারীরিক অবস্থার আরো অবনতি
আওয়ামী লীগের উপদেষ্টা পরিষদের সদস্য সুরঞ্জিত সেনগুপ্ত,আত্মসমর্পণ করুন: খালেদাকে সুরঞ্জিত
,এরদোয়ানকে অবরুদ্ধ করার চেষ্টাকারী ১১কমান্ডো আটক
অস্ট্রেলিয়া ও ভারতের লড়াইটা মাঠের ভ,পরিসংখ্যানে অস্ট্রেলিয়াভারত ম্যাচ
পাকিস্তানের পেশোয়ারে সেনাবাহিনী পরিচালিত স্কুলে সন্ত্রাসী হামলার সঙ্গে জড়িত সন্দেহ,পেশোয়ারের স্কুলে হামলায় জড়িত সন্দেহে গ্রেপ্তার ৫
প্রধানমন্ত্রী শেখ হাসিনা বিশ্বাস,তামাকমুক্ত বাংলাদেশ ২০৪০ সালের আগেই: স্বরাষ্ট্রমন্ত্রী
রায়ান মারফি,১০০ মিটার ব্যাকস্ট্রোকে মারফির অলিম্পিক রেকর্ড
ঝিনাইদহে,ঝিনাইদহে ছাত্রদল নেতা গ্রেপ্তার
আইরিশদের পিঠে পুচকে তকমা সাঁটা,আইরিশদের সামনে নড়বড়ে উইন্ডিজ
,সিলেট সিটির নির্বাহীকে আর্থিক ক্ষমতা প্রদান
ইংল্যান্ড লিড নেওয়ার কাজ,এজবাস্টনে ইংল্যান্ডের বড় লিড
ঢাকা স্টক এক্সচেঞ্জে ডিএসই লেনদেনে তালিকায় সবচেয়ে বেশি পড়েছে মেঘনা প,দর পতনের শীর্ষে মেঘনা পেট ইন্ডাস্ট্রিজ
অভিনেতা সালমান খানের আলোচনার জন্ম,সালমানের ওপর চটেছেন আনুশকা
দুর্বল মালাগার কাছে হেরে রিয়াল মাদ্রিদের,মালাগার কাছে হেরেই গেল বার্সেলোনা
আওয়ামী লীগ নেতা এ কে এম শামীম ওসমান,"নির্দেশ দিন, খালেদাকে নিঃশেষ করে দেব: শামীম ওসমান"
লা,বাংলাদেশকে হারিয়ে শিরোপা মালয়েশিয়ার
যুক্তরাষ্ট্রের পররাষ্ট্রমন্ত্রী জন কেরি,ঢাকা আসছেন কেরি
ভারতপাকিস্তান সীমান্তরক্ষীদের মধ্যে গোলাগুলিতে দুই ভারতীয় নিহত,"কাশ্মির সীমান্তে গোলাগুলি, বাবামেয়ে নিহত"
৫ জানুয়ারি,"ফেইসবুকে স্ট্যাটাস, কলেজছাত্রের বিরুদ্ধে মামলা"
চট্টগ্রামে আট ব্যবসায়ীকে জরিমানা,চট্টগ্রামের আট ব্যবসায়ীকে জরিমানা
পুলিশের মতে বিএনপির ডাকা অবরোধ,ফেনীতে বিএনপি নেতা গ্রেপ্তার
রাষ্ট্র ক্ষমতায় গেলে বিএনপি কীভাবে দেশ পরিচালনা করতে চায় তার রূপকল্প ভিশন ২০৩০ নি,কী থাকছে খালেদার রূপকল্পে?
,সিলেটে ছুরিকাঘাতে ব্যবসায়ীর মৃত্যু: ছাত্রলীগ নেতা বহিষ্কার
বঙ্গবন্ধু শেখ মুজিবুর রহমানের বাবা শেখ লুৎফুর রহমান,বঙ্গবন্ধুর বাবার মৃত্যুবার্ষিকীতে মিলাদ
আওয়ামী লীগের প্রচার উপকমিটিতে স্থান পেয়েছে দলটির গবেষণা প্রতিষ্ঠান সেন্টার ফর র,আ লীগের প্রচার উপকমিটিতে সিআরআইয়ের ৪ জন
হবিগঞ্জে কারাগারে দুই হাজতিকে পাওয়া যাচ্ছে না।,হবিগঞ্জ কারাগারের ২ হাজতি নিখোঁজ
রাজনৈতিক কর্মসূচির পর বিভিন্ন স্থানে বিএনপি আয়োজিত ইফতার মাহফিলেও ক্ষমতাস,ইরানের শিরাজে সুপারমার্কেটে বিস্ফোরণে আহত ৩৭
বিশ্বব্যাপী র‍্যানসমওয়্যার হামলার ঘটনায় শিকার ভারত,"র‍্যানসমওয়্যার: আক্রান্ত ভারত, চীনও"
দিনাজপুরে একতা এক্সপ্রেস কমলাপুর থেকে ছাড়ার কথা সকাল ১০টায়,শেষ দিনের ভিড় ট্রেনে
,মংলায় সিমেন্ট কারখানার নির্মাণাধীন ভবন ধসে নিহত ৬
ভারতের জাতীয় তদন্ত সংস্থা এনআইএ,বর্ধমান বিস্ফোরণকাণ্ডে চার বাংলাদেশি অভিযুক্ত
,টাঙ্গাইলে নিহত সন্দেহভাজন জঙ্গির লাশ নওগাঁয় দাফন
,"পায়রায় ট্রলারডুবি, ৭ লাশ উদ্ধার"
মুক্তমনা লেখক ও ব্লগার অভিজিৎ রায়ের হত্যা,অভিজিৎ হত্যায় বুয়েটশিক্ষক ফারসীমকে জিজ্ঞাসাবাদ
হরতাল নিয়ে ছাব্বিশ বছর আগে আইনজীবীদের এক সিদ্ধান্তের কারণে চলতি মাসে চট্টগ্রাম,২৬ বছর আগের সিদ্ধান্তে অচল চট্টগ্রামের আদালত
৫ জানুয়ারি,গাড়িবহরে তাণ্ডব: রাজশাহীর মেয়র হুকুমের আসামি
খালেদা জিয়াকে নাশকতার জন্য অবরোধ আহ্বানকারী,টেলিফোন আলাপই খালেদাকে গ্রেপ্তারের জন্য যথেষ্ট
ফেইসবুকের বর্তমান ব্যবহারকারীর সংখ্যা প্রায় ১৩৫ কোটি,বিশ্ব বাজারে ফেইসবুকের ২২০ বিলিয়ন
,যাত্রাবাড়ীতে বাসে পেট্রোল বোমায় দগ্ধ ২৭
৫ জানুয়ারি,দুপুরের পর বের হবেন খালেদা
অস্ট্রেলিয়ার আবহাওয়া পর্যবেক্ষণ কর্তৃপক্ষ,বুরো অফ মিটিওরলজি হ্যাকে বিদেশিরা দায়ী
নারায়ণগঞ্জে বন্দর উপজেলায় এক সাংবাদিককে কুপিয়ে জখম,নারায়ণগঞ্জে সাংবাদিককে কুপিয়ে জখম
রাজধানীর বাড্ডায় তাহমিনা আক্তার ৪৫ নামে গৃহবধু,রাজধানীর বাড্ডায় গৃহবধূ খুন
বৈচিত্র্যে আর্ন্তজাতিক সাহিত্যের সম্মেলন,রাবিতে বাংলা সাহিত্য সম্মেলন শুরু
ঢাকার কদমতলী এলাকায় পুলিশের অভিযান,কদমতলীতে মাদক কারবারি গুলিবিদ্ধ
পাকিস্তানের প্রধান নির্বাচক মইন খানকে দেশে ফেরত পাঠানো,ক্যাসিনো বিতর্কে বিশ্বকাপ ছাড়লেন মইন
আনিসুল হক,৩৪ বছরে সবুজ হবে ঢাকা: আনিসুল হক
,মাকে পিটিয়ে হত্যা করল ছেলে
আইনশৃঙ্খলা বাহিনীই সালাহ উদ্দিন আহমেদের,সালাহ উদ্দিনকে ফেরত না দিলে কঠিন পরিণতি: খালেদা
মোবাইল ফোন অপারেটর রবি,রবি নিয়ে এলো ম্যাজিক স্ক্র্যাচ কার্ড
ভোলার বোরহানউদ্দিন উপজেলায় ঝড়ে আকিজ সিমেন্টবাহী,ভোলার সিমেন্ট বোঝাই কার্গো জাহাজ ডুবি
,টিএসসিতে হাতবোমার বিস্ফোরণ
সোনা পাওয়া গেছে,দুবাই ফেরত ফ্লাইটে ৬০ কেজি সোনা
জাপানের আদালতে কম্পিউটার হ্যাক করে খুনের হুমকি দাতা,খুনের হুমকি দিয়ে হ্যাকার জেলে
কদিন ধরা চলা গুঞ্জনই সত্যি হলো পেছাল বঙ্গবন্ধু গোল্ড কাপ,পেছাল বঙ্গবন্ধু গোল্ড কাপ
বঙ্গবন্ধুর স্বদেশ প্রত্যাবর্তন দিবস,আওয়ামী লীগকে ঢাকায় সমাবেশের অনুমতি পুলিশের
নাশকতায় অর্থ যোগানোর অভিযোগে ঝিনাইদহ সদর হাসপাতালের এক সিনিয়র কনসালটেন্টস,"নাশকতায় অর্থায়ন, গ্রেপ্তার চিকিৎসক"
অবরোধের মধ্যে রংপুরে যাত্রীবাহী বাসে অগ্নিসংযোগে দগ্ধ,রংপুরে বাসে অগ্নিদগ্ধ আরেকজনের মৃত্যু
আবহাওয়া অধিদপ্তরের মতে,"সাগরে লঘুচাপ, বন্দরে ৩ নম্বর সতর্কতা"
আইনজীবীকে গ্রেপ্তার,গাজীপুর আদালত পরিদর্শনে প্রধান বিচারপতি
págsা করতে খালেদা জিয়ার কার্যালয়ে যাওয়া শেখ হাসিনাকে,এটা ভদ্রোচিত হয়নি
লুপিতা নিয়ঙ্গর সাড়া জাগানো মুক্তোর পোশাক,ছয় হাজার মুক্তোর পোশাক চুরি
সেমিফাইনালে ওঠার প্রথমিক লক্ষ্য পূরণ,প্রত্যয়ী বাংলাদেশের সামনে দুরন্ত থাইল্যান্ড
রাজধানীর কাকরাইল ও সূত্রাপুর এলাকায় অভিযান চালিয়ে র‌্যাব,"রাজধানীতে বিস্ফোরক উদ্ধার, গ্রেপ্তার ৩"
সরকারের শিক্ষামন্ত্রী নুরুল ইসলাম নাহিদের,জগন্নাথের হল নির্মাণ প্রকল্প চূড়ান্ত: শিক্ষামন্ত্রী
কোরবানির সামনে রেখে বিভিন্ন নতুন মডেলের ফ্রিজ,নতুন মডেলের ফ্রিজটিভি বাজারে এনেছে মার্সেল
নির্মিত হচ্ছে বৃষ্টির আগের ঈদ উপলক্ষ্যে ছবিয়ালের সাত নির্মাতার নাটক।,ঈদে একুশে টিভিতে ছবিয়ালের সাত নাটক
আওয়ামী ও বিএনপি দলেরা সংসদ নির্বাচনের বর্ষপূর্তির দিন সোমবার রাজশাহীতে মাঠে,রাজশাহীতে মাঠে থাকবে আ লীগবিএনপি
সপ্তাহের প্রথম দিনে দেশের দুই পুঁজিবাজারেই সূচক ও লেনদেন কমেছে।,লেনদেনের সঙ্গে সূচকও কমেছে পুঁজিবাজারে
,ফরিদপুরে দুর্ঘটনায় প্রকৌশলীর মৃত্যু
"ঐক্যবোধ, ধর্মনিরপেক্ষতা ও সাম্প্রদায়িক সম্প্রীতি",সাম্প্রদায়িক সম্প্রীতির ধারা বজায় রাখার আহ্বান রাষ্ট্রপতির
ঃ ফেনীর দাগনভুইঞ্চায় মাছবোঝাই পিক,ফেনীতে পেট্রোল বোমা: পুলিশের মামলা
অবরোধের নবম দিনে ঢাকা ও চট্টগ্রামে বাসে আগুন দেওয়া,ঢাকাচট্টগ্রামে বাসে আগুনবোমাবাজি
ঢাকার রেঁস্তোরায় বসে স্পেসশিপ শাটলে চড়ে মহাকাশ,ঢাকায় ভিআর অভিজ্ঞতা দিল কম্পিউটার সোর্স
ঝিনাইদহে শৈলকুপা উপজেলায় ট্রাকচাপায় চার টেম্পো আরোহী নিহত,ঝিনাইদহে ট্রাকচাপায় চার টেম্পো আরোহী নিহত
শহীদ মিনারে না গিয়ে ভাষা শহীদদের জন্য দোয়ার আয়োজন,একুশ নিয়ে জামায়াতি সংস্কৃতিতে বিএনপি: কামরুল
চট্টগ্রাম সিটি করপোরেশন,গাড়ির তেল চুরি: চসিকের দুই চালকসহ তিনজনের কারাদণ্ড
যুগের সঙ্গে তাল মেলাতে নাম বদলাচ্ছে দ্য নিউজপেপার অ্যাসোসিয়েশন অব আমেরিকা। প,মার্কিন সংবাদপত্র সমিতির নাম থেকে পেপার বাদ
আদালতে বোমার পেছনে অবরোধকারীজঙ্গিবাদীদের হাত থাকতে পারে বলে সন্দেহ করছেন অ্যাটর্,এত কিছু ফাঁকি দিয়ে আদালতে বোমা কিভাবে: খোকন
ফ্রেঞ্চ ওপেনের চ্যাম্পিয়ন গার্বিনে মুগুরুসা ও উইম্বলডনের রানার্সআপ মিলো,"দ্বিতীয় রাউন্ড থেকেই মুগুরুসা, রাওনিচের বিদায়"
গ্রামীণফোনের রাজস্বে বেসরকারি মোবাইল অপারেটর,গ্রামীণফোনের রাজস্বে প্রবৃদ্ধি ৬৩ শতাংশ
গ্রাহকদের অনলাইনে কেনাকাটার সুবিধা দিতে ফস্টার পেমেন্টসের চুক্তি,অনলাইনে কেনা যাবে রানারএর পণ‌্য
চালু হওয়ার অল্প সময়ের মধ্যেই ব্যপক উন্মাদনা ছড়িয়েছে অগমেন্টেড রিয়ালিটি গেইম প,ধরা পড়েছে সবগুলো পোকিমন
বিএনপির প্রতিষ্ঠাতা জিয়াউর রহমান,কোকোর মৃত্যুর দায় আওয়ামী লীগের
আফগানিস্তানের রাজধানী কাবুলে যুক্তরাষ্ট্রের দূতাবাসের কাছে নেটো সামরিক জোটের ন,কাবুলে নেটো সামরিক বহরে আত্মঘাতী হামলায় নিহত ৮
গত কয়েকমাসে খুন,"আবার বিকাশ কর্মকর্তা খুন, টাকা লুট"
Protestantism বাহিনীর,"বাধা আসবে, মোকাবেলা করতে হবে: গয়েশ্বর"
নির্দলীয় সরকারের অধীনে লাগাতার হরতাল অবরোধ,স্বাধীনতা দিবসে বিএনপির কর্মসূচি
বিডি অয়েল্ডিং লিমিটেডের শেয়ারের দর,৪ দিনে বিডি অয়েল্ডিংয়ের দর বেড়েছে ২০৪৩%
চীনের প্রেসিডেন্ট শি জিনপিং,বিশ্ব অর্থনীতি ঝুঁকির মুখে: জি২০ তে চীনের হুঁশিয়ারি
ভুয়া খবর প্রতিরোধে সামাজিক যোগাযোগের মাধ্যম ফেইসবুক,ময়মনসিংহে সড়ক দুর্ঘটনায় নিহত ২
একুশে পদকপ্রাপ্ত সমাজবিজ্ঞানী ড অনুপম সেনসহ,পাঁচ ব্যক্তিত্বকে হত্যার হুমকিতে চট্টগ্রাম গণজাগরণের বিক্ষোভ
,নিজের রাইফেলের গুলিতে আহত পুলিশ কনস্টেবল
অবশেষে প্রকাশ পেলো মার্ভেলের নতুন সুপারহিরো সিনেমা ফ্যান্টাসটিক ফোরএর প্রথম টি,নতুন ফ্যান্টাসটিক ফোরএর প্রথম ঝলক
রাজধানীর শ্যামলী আইডিয়াল টেকনিক্যাল কলেজে,শ্যামলী টেকনিক্যালে কর্মসংস্থান সম্মেলন
,ন্যাম ফ্ল্যাটের বরাদ্দ বাতিল নিয়ে এখন সুর নরম সংসদ কমিটির
গাজী গ্রুপের ক্রিকেটার্সের আটজন খেলোয়া,বাদ পড়াদের লড়াইয়ের গল্প শোনালেন এনামুল
গ্রাহক স্বেচ্ছায় নিজ নামে নিবন্ধিত ২০ এর বেশ,গ্রাহকের বাড়তি সিম বন্ধ করবে বিটিআরসি
জাতীয় ক্রিকেট লিগের ষষ্ঠ রাউন্ডে ঢাকা বিভাগ ও রংপুর বিভাগের ম্যাচ,ঢাকারংপুর ম্যাচ ড্র
ফুটবল কিংবদন্তি দিয়েগো মারাদোনা,মেসিরোনালদো একই মানের: মারাদোনা
লালচাঁড়ায় আলোচিত পুলিশ কর্মকর্তার স্ত্রী মাহমুদ,বাজেটে সমস্যা থাকলে সমাধান হবে: প্রধানমন্ত্রী
নারায়ণগঞ্জে এক গৃহবধূকে শ্বাসরোধে হত্যার অভিযোগ পাওয়া গেছে তার স্বামীর বির,নারায়ণগঞ্জে গৃহবধূকে শ্বাসরোধে হত্যার অভিযোগ
আসল বিএনপি মেয়র পদে তাকে প্রার্থী ঘোষণা,আসল বিএনপির ওপর নাখোশ সালাম
বিএনপি চেয়ারপারসন খালেদা,খালেদা আইন মান্যকারী
ওষুধ নির্মাতাদের সঙ্গে নিয়ন্ত্রক সংস্থার আঁতাতের ফলে দুর্নীতি প্রাতিষ্ঠানিক হওয়ায় ব,আঁতাতের কারণে নিম্নমানের ওষুধ বাজারে: টিআইবি
সাভারে বিআরটিসির যাত্রীবাহী দ্বিতল বাসে অগ্নিকাণ্ডের ঘটনা,সাভারে আগুনে পুড়ল বিআরটিসির বাস
বিশ্বকাপের ম্যাচ চলার সময় এবার আম্পায়ারদের কথাও শুনতে পারবেন টিভির দর্শকরা। আইসিসি,আম্পায়ারদের কথাও শোনা যাবে টিভিতে
৪০০০ শিক্ষার্থীকে ৩০ দিনের জন্য মানবব্ন্ধন করেছেন ঢ,আমরা পরীক্ষা দিতে চাই
"পুলিশের মতে, চট্টগ্রামে অবরোধহরতালে নাশকতা ঠেকাতে বিএনপি",চট্টগ্রামে বিএনপিজামায়াতের ১৪ নেতাকর্মী গ্রেপ্তার
"ঈদে তিন ছবি মুক্তি পেয়েছে, দুই বিতর্কিত যৌথপ্রযোজনার ছবির বিপরীতে মুক্তি প",যৌথপ্রযোজনার কাছে হারবে দেশীয় রাজনীতি?
যুক্তরাষ্ট্রের আওয়ামী লীগ,যুক্তরাষ্ট্রে নতুন ষড়যন্ত্রে বিএনপি
ইয়েমেনের রাজধানী সানায় নিজেদের অবস্থান আরো সুদৃঢ় করেছে হাউথি বিদ্রোহীরা।,ইয়েমেনের রাজধানীতে শক্তিশালী অবস্থানে বিদ্রোহীরা
ঘুষ না দেওয়ায় চট্টগ্রাম সিটি করপোরেশনে বরাদ্দ কম দেও,প্রমাণ দিতে মেয়র নাছিরকে মন্ত্রণালয়ের ৭ দিন
আন্তর্জাতিক অপরাধ ট্রাইব্যুনাল,যুদ্ধাপরাধ ট্রাইব্যুনালে প্রথম জরিমানা
ভারতের বিপক্ষে বড় ব্যবধানে হারের কারণ খুঁজে পেতে কোনো সমস্যাই,ব্যাটসম্যানদের দুষলেন তৌকির
নারায়ণগঞ্জে সহকর্মীর অসাবধানতায় শটগান থেকে বেরিয়ে যাওয়া রাবার বুলেটে এক প,সহকর্মীর অসাবধানতায় রাবার বুলেটবিদ্ধ পুলিশ সদস্য
ঃ বাড়িওয়ালার ছেলে ঠাঁই,তাসনুভাশামীমের ক্রস কানেকশন
মার্কিন সরকারের পক্ষে লাখো গ্রাহকের মেইলে গোপনে নজরদারী,মেইলে নজরদারী করেছে ইয়াহু
আইওয়াখিম লুভ,শততম জয়ের রেকর্ড লুভের
নারায়ণগঞ্জে বাস ভাংচুর,নারায়ণগঞ্জে বাসে আগুন
আফগানিস্তানের বিপক্ষে বিশ্বকাপ অভিযানের,গুরুর চেনা মাঠে বাংলাদেশের প্রথম ম্যাচ
পুলিশের মতে বিএনপি জোটের ডাকা অবরোধের মধ্যে বরিশাল নগরীতে আদালত ভবনে অ,বরিশালে আদালতে আগুন: মামলায় বিএনপি নেতা
দৈনিকের বদলে সপ্তাহের শেষ কার্যদিবসে পুঁজিবাজারে ব্যাংকগুলোর বিনিয়োগের পরি,পুঁজিবাজারে বিনিয়োগ ব্যাংকগুলোকে জানাতে হবে সপ্তাহান্তে
বিসিবির ক্রিকেট পরিচালনা বিভাগের প্রধান আকরাম খান,তাসকিনের সঙ্গেই হতে পারে আরাফাতের পরীক্ষা
ঢাকা দক্ষিণ সিটি করপোরেশন নির্বাচনে বিএনপি নেতা আব্দুস সালাম ও  নাসির উদ্দ,সালাম ও পিন্টুর মনোনয়নপত্র জমা দিলেন স্ত্রীরা
টেস্ট ক্যারিয়ারের বয়স এখনও ৫ বছর,টেন্ডুলকারশেবাগকে ছাড়িয়ে অশ্বিন
চট্টগ্রাম নগরীর চট্টগ্রাম দক্ষিণ জেলা ছাত্রদলের আহ্বায়কসহ তিনজনকে গ্রেপ্তার,চট্টগ্রামে ছাত্রদল নেতাসহ গ্রেপ্তার ৩
,স‌্যামসাং গ‌্যালাক্সি নোট ৭ এর প্রিবুকিং শুরু
এমরে কানের দুর্দান্ত গোলে ইংলিশ প্রিমিয়ার লিগে ওয়াটফোর্ডকে হারিয়ে চ্যাম্পি,কানের গোলে শেষ চারের লড়াইয়ে এগিয়ে লিভারপুল
চট্টগ্রাম বিশ্ববিদ্যালয় থেকে আটক ছাত্রলীগের ৬২ নেতাকর্মীকে কারাগারে পাঠিয়েছে,চবি ছাত্রলীগের ৬২ নেতাকর্মী কারাগারে
ঢাকাবরিশালসহ নির্মাণাধীন পদ্মা সেতুর সব সংযোগ সড়ক,পদ্মা সেতুর সব সংযোগ সড়ক চার লেন হবে
নৌমন্ত্রী শাজাহান খানের কার্যালয়,"মন্ত্রিসভায় গরহাজির, উপস্থিত খালেদার কার্যালয়ে"
,বীমা কোম্পানির প্রধান নিয়োগে কর্তৃপক্ষের অনুমোদন লাগবে
যুক্তরাষ্ট্রের সঙ্গে আলোচনা স্থগিত,সিরিয়া: রাশিয়ার সঙ্গে আলোচনা স্থগিত করেছে যুক্তরাষ্ট্র
আনন্দ পাচ্ছেন ওয়েন মর্গ্যান,রান আর জয়ে উচ্ছ্বসিত মর্গ্যান
,পাকিস্তানে ট্রেনে জোড়া বোমা হামলায় নিহত ৪
,সাভারে নৈশ কোচে পেট্রোল বোমা হামলা
সারাদেশে উচ্চ মাধ্যমিক পর্যায়ে অধ্যয়নরত ১৭ লাখ ৩ হাজার দরিদ্র শিক্ষার্থীদের উপবৃ,উপবৃত্তির আওতায় আরও ১৭ লাখ শিক্ষার্থী
আলমগীর,"রিমান্ডজামিন নাকচ, ফখরুল কারাগারে"
রেলপথ মন্ত্রী মুজিবুল হক,ঘাতক রাষ্ট্র ক্ষমতায় যেতে পারে না: রেলমন্ত্রী
হরতালে গাড়ি ভাংচুরায় ঢাকা কলেজ ছাত্রদলের সাধারণ সম্পাদককে তিন মাসের কারাদণ,গাড়ি ভাংচুর করায় ঢাকা কলেজ ছাত্রদল সম্পাদকের কারাদণ্ড
ঈদ,ঈদ মানেই সালমান খান
চট্টগ্রামে আর্চ ডায়োসিসের অধীন পাঁচ খ্রিস্টান মিশনারি স্কুল থেকে এসএসসি উত্ত,পাঁচ মিশনারি স্কুলের ৪ শতাধিক এসএসসি শিক্ষার্থী সংবর্ধিত
কুষ্টিয়া ইসলামী বিশ্ববিদ্যালয়ে বাসচাপায় এক ছাত্র নিহত হওয়ার ঘটনায় প্রায় তিন মাস ধ,ইবি খোলার দাবিতে শিক্ষার্থীদের মানববন্ধন
হরতালঅবরোধের কারণে হজে,"অর্ধেক কমল হজ নিবন্ধন ফি, বাড়ল সময়"
আর্জেন্টিনা,ব্রাজিল ম্যাচে মেসির ফেরার অপেক্ষায় আর্জেন্টিনা
অস্ট্রিয়া প্রবাসী বাংলাদেশি মুসলমানরা ঈদুল ফিতর,অস্ট্রিয়া প্রবাসীদের ঈদ উদযাপন
আইইএসজি,ব্রাউজিংয়ে গতি বাড়াবে এইচটিটিপি২
লা,সেলফি স্টিক কেটে প্রতিবাদ
টিটোয়েন্টি সিরিজে লড়াই করতে না পারা আফগানিস্তান,জাদুকরী রশিদে বিধ্বস্ত ওয়েস্ট ইন্ডিজ
চট্টগ্রামে নগরীর বিমানবন্দর সড়কে একটি প্রাইভেট কার নিয়ন্ত্রণ,চট্টগ্রামে গাড়ি নিয়ন্ত্রণ হারিয়ে নিহত ২
আদালতের সিলেটে নাশকতার পাঁচ মামলায় আত্মসমর্পণের পর জামিন নাকচ করে বিএনপির জ্য,"জামিন নাকচ, রিজভী কারাগারে"
রূপা হক,"রূপা হকের বড় জয়, এগিয়ে টিউলিপরুশনারাও"
ব্র্যাকের মতবিনিময়,যৌন হয়রানি নির্মূলে ব্র্যাকের মতবিনিময়
বেশি সময় পানিতে কাজ করলে বা শীতের সময়ে হাতের ত্বক,শুষ্ক হাতের যত্ন
ধানমণ্ডি আবাসিক এলাকার বহাল রয়েছে অননুমোদিত বাণিজ্যিক প্রতিষ্ঠানগুলো,ধানমণ্ডি আবাসিক থেকে বাণিজ্যিক প্রতিষ্ঠান সরানোর রায় বহাল
ঝিনাইদহে কোটচাঁদপুরে নাশকতা পরিকল্পনার অভিযোগে প,ঝিনাইদহে জামায়াতের ৫ নেতাকর্মী গ্রেপ্তার
ভোটের আগে দল বদলের পথ খুলে দেওয়ার পর এবার আমলাদের ভোটে দাঁড়ানোর পথ সহ,আরপিও: আমলাদের ভোটের পথ খুলছে?
গাইবান্ধায় নিখোঁজের একদিন পর ১১ বছরের এক,গাইবান্ধায় নিখোঁজ শিশুর গলাকাটা লাশ উদ্ধার
ফেনীতে হরতালের সমর্থনে শিবিরের মিছিল থেকে গাড়িতে অগ্নিংযোগ,ফেনীতে শিবিরের মিছিল থেকে গাড়িতে আগুন
পুলিশের চাঁদাবাজি বন্ধের দাবিতে বৃহস্পতিবার গাজীপুরের,চাঁদাবাজি বন্ধের দাবিতে এমপির বাড়িতে অটোচালকরা
সরকারের সর্বশেষ সিদ্ধান্তে ৯৯৩টি পয়েন্টে ১২ হাজার আনসার মোতায়েনের সিদ্ধান্ত,সড়ক সচলে নামছে ১২ হাজার আনসার
নিউ ইয়র্ক প্রবাসী,টাঙ্গাইলে সংঘর্ষে আহত কলেজছাত্রের মৃত্যু
লালবাংলাদেশের সঙ্গে জিমন্যাস্ট মার্গারিত,স্বর্ণজয়ী মার্গারিতার বাবা মামুন অসুস্থ
কেন্দ্রীয় ব্যাংক,উত্তরাঞ্চলের হিমাগারগুলোর জন্য বিশেষ সুবিধা
নির্বাচনের বর্ষপূর্তি,৫ জানুয়ারি ঘিরে রাজনীতিতে উত্তাপ
৩ আসামির বিরুদ্ধে সন্ত্রাসবিরোধী আইনের মামলা,জেএমবির সাইদুরের বিরুদ্ধে রায় হতে পারে এ মাসেই
ফেইসবুকের কাছে সহযোগিতা চেয়ে নিরাশ,তথ্য দিতে রাজী ফেইসবুক
,সিলেটে ডাকাতের গুলিতে পিতাপুত্র আহত
ভারতের বিপক্ষে কোয়ার্টারফাইনালে বাংলাদেশের ক্রিকেট বোর্ড,আইসিসির কাছে প্রতিবাদ জানাবে বিসিবি
যুক্তরাষ্ট্রে বসবাসরত প্রবাসী বাংলাদেশিরা আইসিসি চ্যাম্পিয়ন্স ট্রফি সেমিফাই,ক্রিকেটে বিজয় প্রত্যাশায় নিউ ইয়র্কে মিছিল
রাজশাহীতে সিএনজি চালিত অটোরিকশা সমবায় সমিতির নির্বাচনকে কেন্দ্র করে সহিংসতার আ,বাঘা পৌরসভায় ১৪৪ ধারা জারি
চুয়াডাঙ্গায় বাল্য বিয়ে পড়ানোর সময়,বাল্য বিয়ে পড়িয়ে কাজি শ্রীঘরে
হরতার অবরোধের নামে নাশকতা বন্ধের দাবিতে জয়পুরহাট শহরে মানববন্ধন,নাশকতা বন্ধের দাবি হিজরাদের
৪ মে,নূরের গাড়িবহরে হামলা: অভিযুক্ত ২০৭ জন
চুয়াডাঙ্গায় দুই যুবককে গ্রেপ্তার,চুয়াডাঙ্গায় বাউল আখড়ায় হামলায় গ্রেপ্তার ২
হিন্দি সিনেমার ক্রাইম মাস্টার শক্তি কাপুর,ছিনতাইয়ের শিকার শক্তি কাপুর
মাহমুদুল্লাহের ক্যারিয়ারের শুরুতে,এখন ম্যাচ উইনার মাহমুদুল্লাহ
গত মৌসুমে চমক জাগিয়ে ইংলিশ প্রিমিয়ার লিগের শিরোপা জেতা,ঘরের মাঠে চ্যাম্পিয়ন লেস্টারের ড্র
পঁচিশ হাজার টাকা নিয়ে জাতীয় পরিচয়পত্র সংশোধনের পাশাপাশি নিজের বয়স ১২ বছর বদ,"টাকা দিয়ে এনআইডি সংশোধন, সঙ্গে বয়স জালিয়াতি"
আর্জেন্টিনাকে লিওনেল মেসির এখনও আরও অনেক কিছু দেওয়ার আছে বলে মনে করেন তার জাতীয় দল,আর্জেন্টিনাকে অনেক দেওয়ার আছে মেসির: মাসচেরানো
রাজশাহীতে এক ওয়ার্ড যুবলীগের সভাপতির হাত ও পায়ের রগ,রাজশাহীতে যুবলীগ নেতার হাতপায়ের রগ কর্তন
"পুলিশের মতে, আটক যুবলীগ নেতাকে মুচলেকা রেখে ছেড়ে দিয়েছে",গণঅভ্যর্থনায় আটক যুবলীগ নেতাকে ছেড়ে দিয়েছে পুলিশ
দুর্নীতি মামলায় নিম্ন আদালতে দণ্ডিত সংসদ সদস্য হাজি মোহাম্মদ সেলিমকে খালাস দ,হাজী সেলিমের খালাসের রায় বাতিল
"সরকারের অনুমোদন না নিয়েই বেসরকারিভাবে গড়ে ওঠা নার্সারি, প্রিপারেটরি",অনুমোদনহীন কিন্ডারগার্টেনের বিরুদ্ধে ব্যবস্থায় টাস্কফোর্স
৫২ বলে ৩৯ রান,ব্যাটসম্যানরা খুব প্যানিকড ছিল
যুক্তরাজ্যের বুস্ট নামে নতুন ফিচার,অর্থ দিলেই টিন্ডারে বাড়তি সময়
,"ফেইসবুকে আত্মহত্যার ঘোষণা, অতঃপর"
চট্টগ্রামে ৪১টি ওয়ার্ডে ভিডিও জরিপ,ভিডিও দেখে উচ্ছেদে নামছেন চট্টগ্রামের মেয়র
চীনা প্রেসিডেন্টের সফরের সঙ্গে ঢাকা আদিশা মহাসড়কের আমিন বাজার থেকে জাতীয় স্মৃ,ঢাকাআরিচা মহাসড়কের ২২টি স্পিড ব্রেকার অপসারণ
যুক্তরাজ্যের এমপিরা,ব্রিটিশ জিহাদিদের সংখ্যা বাড়ায় এমপিদের উদ্বেগ
পটুয়াখালী থেকে বরগুনায় মাহফিলগামী ট্রলারডুবির,বরগুনায় ট্রলারডুবি: কিশোরের লাশ উদ্ধার
শেরপুরে,জনতা ব্যাংকের সোয়া কোটি টাকা চুরি: ৩ আসামি খালাস
বাংলাদেশকে ৫০ কোটি ডলার বাজেট সহায়তা দেবে বিশ্ব ব্যাংক।,৫০ কোটি ডলার সহায়তা দেবে বিশ্ব ব্যাংক
মিয়ানমারে বৌদ্ধদের সঙ্গে সংখ্যালঘু রোহিঙ্গা মুসলিমদের সংঘাতের সমাধান,সু চির রোহিঙ্গা প্যানেলের বিরুদ্ধে বিক্ষোভ
জাতীয় ক্রিকেট লিগের পঞ্চম রাউন্ডে ঢাকা ও খুলনা বিভাগের রানবন্যার ম্যাচটি,ঢাকা ও খুলনা ড্র ম্যাচে ৫ শতক
কৃষি ক্ষেত্রে ব্যাংকের ঋণের সুদ হার,কৃষি ঋণের সুদ কমল
চিটাগং ইন্ডিপেনডেন্ট ইউনিভার্সিটিতে সিআইইউ টপ আপ আইটি অ্যান্ড আইটিএস ফাউন্,সিআইইউতে শেষ হলো শিক্ষার্থীদের স্কিল ট্রেনিং প্রকল্প
চীনের রাষ্ট্রপতির উপস্থিতিতে চট্টগ্রামের কর্ণফুলী নদীর তলদেশে টানেল নির্মাণের কাজের,টানেল উদ্বোধনে চীনের রাষ্ট্রপতিকে আশা করছেন কাদের
ফুটবল দলের ভারপ্রাপ্ত কোচ সাইফুল বারী টিটো,গোল্ড কাপে কোচের লক্ষ্যও সেমিফাইনাল
রাজশাহী বিশ্ববিদ্যালয়ের শিক্ষক শফিউল ইসলাম,রাবি শিক্ষক শফিউল হত্যা: গ্রেপ্তার নারী জেলহাজতে
শ্রীলঙ্কা বিশ্বকাপের উদ্বোধনী ম্যাচে নিউ জিল্যান্ডের কাছে হার দিয়ে শুরু,অস্ট্রেলিয়ার সামনে ঘুরে দাঁড়ানো শ্রীলঙ্কা
রংবাজ সিনেমার মহরতের পরে ঢালিউডের সাম্প্রতিককালের আলোচিত নায়িকা শবনম বু,দীর্ঘদিনের আড়াল ভাঙলেন বুবলি
ফরিদপুরে বিভিন্ন জায়গায় অভিযান চালিয়ে পাঁচজনকে আটক,ফরিদপুরে প্রতারক চক্রের ৫ সদস্য আটক
নোয়াখালীর আবদুল আওয়াল চৌধুরী,নোয়াখালীর তারেকই সেরাকণ্ঠ
চাঁদপুরে ছাত্রলীগযুবলীগ কর্মীদের সঙ্গে পুলিশের সংঘর্ষে অন্তত ১০ জন আহত,চাঁদপুরে ছাত্রলীগযুবলীগ ও পুলিশের সংঘর্ষ
সরকারের জনপ্রিয়তা শূন্যের কোঠায় নেমেছে বলে আগামী নির্বাচনে কারচুপির দুরভিসন্ধি থেকে,ইভিএমে সরকারের দুরভিসন্ধি দেখছে বিএনপি
ফারুক হোসেনের গত লিগের প্রথম ম্যাচে ৮ বলে,জহুরুলের প্রায় সেঞ্চুরি ও ফারুকের ঝড়
,টাকা নিয়ে সংবর্ধনা
ক্রিকেটের অন্যতম বড় দল,"জয়ে ফিরল রূপগঞ্জ, হারের বৃত্তেই ভিক্টোরিয়া"
রাতভর চারদিক থেকে সমন্বিত আক্রমণ চালিয়ে আফগানিস্তানের উত্তরাঞ্চলীয় শহর কুন্দু,আফগান শহর কুন্দুজে প্রবেশ করেছে তালেবান যোদ্ধারা
থাইল্যান্ডের রাজা ভূমিবল আদুলিয়াদেজ,সাত দশকের রাজা ভূমিবল
আমরা নেটওয়ার্কস লিমিটেড,শেয়ার ছাড়ার অনুমতি পেল আমরা নেটওয়ার্কস
মডেল ও অভিনেত্রী ঈশিকা খান,মা হওয়ার মুহূর্তে হেসে ফেলেছিলাম
হংকংয়ে পুলিশের সংঘর্ষে ৩৬,হংকংয়ে চীন বিরোধী ৩৬ বিক্ষোভকারী গ্রেপ্তার
গুগলের মোবাইল ফোন সেবাদাতা প্রতিষ্ঠান,মোবাইল ফোন সেবায় গুগল?
৫ জানুয়ারি সোমবার গণতন্ত্র হত্যা দিবস,যে কোনো মূল্যে কর্মসূচি: ফখরুল
গাজীপুরে শ্রীপুর উপজেলায় ট্রাকের সঙ্গে সংঘর্ষে পিকআপ চালকের মৃত্যু,শ্রীপুরে ট্রাকের সঙ্গে সংঘর্ষে পিকআপ চালক নিহত
সিঙ্গাপুরে ওয়ার্ল্ড হকি লিগের দ্বিতীয় পর্বে,মেক্সিকোকে উড়িয়ে দিল বাংলাদেশ
স্পেনের দক্ষিণাঞ্চলীয় শহর মালাগার কাছে গ্যাস সিলিন্ডার বিস্ফোরণে অন্ততপক্ষে,স্পেনে গ্যাস সিলিন্ডার বিস্ফোরণে আহত ৭৭
জয়পুরহাটে আক্কেলপুর উপজেলায় জামায়াতের আমির ও উপজেলা ভাইস চেয়ারম্যান এ,জয়পুরহাটে জামায়াত নেতাকে পিটিয়ে পুলিশে সোপর্দ
সিটি করপোরেশন নির্বাচনে ভোট নিশ্চিতের আশ্বাস,কারসাজির পরিকল্পনা বাদ দিন: সিএমপি কমিশনার
কামাল লোহানীর ৮৩তম জন্মবার্ষিকী উদযাপন,জন্মদিনে দুর্গতদের পাশে দাঁড়ানোর আহ্বান কামাল লোহানীর
সিলেটে গোপালগঞ্জে পুলিশের,নাশকতার আশঙ্কায় গোপালগঞ্জে যুবক আটক
জাপানী টেলিযোগাযোগ ও ইন্টারনেট সেবাদাতা প্রতিষ্ঠান সফটব্যাংক,এআরএম এখন সফটব্যাংকের প্রতিষ্ঠান
"খাওয়ায় অরুচি দেখা দিতে পারে,",চকবাজারের ইফতারি এখন সিডনির লাকেম্বায়
ঢাকায় বিরোধী জোটের অবরোধের মধ্যে,গওহর রিজভীর বাড়ির কাছে হাতবোমা বিস্ফোরণ
চট্টগ্রাম বিশ্ববিদ্যালয়ের উদ্ভিদ বিজ্ঞান বিভাগের অধ্যাপক সত্যজিৎ কুমার,চলে গেলেন চবি শিক্ষক সত্যজিৎ কুমার ভদ্র
,গোপালগঞ্জে পানিতে ডুবে স্কুলছাত্রের মৃত্যু
স্বাভাবিক ফেডারেশন কাপের ফাইনালে খেলার বাড়তি,দানেশে ছাত্রী যৌন হয়রানিতে জড়িত শিক্ষকের শাস্তি দাবি
নারায়ণগঞ্জে সাত খুন মামলার আসামিদের বিরিয়ানি নিয়ে মারামারির পর আদালতের কাঠগড়,বিরিয়ানি নিয়ে মারামারি: কাঠগড়ার খাঁচার আকার বৃদ্ধি
,সরকারের পরামর্শ: পুড়লে যা করতে হবে
,ওসমানী মেডিকেলের শিক্ষানবিশ চিকিৎসকদের কর্মবিরতি প্রত্যাহার
প্রোগ্রামিং,পতাকা: বাংলা প্রোগ্রামিং ল্যাংগুয়েজ
ঝিনাইদহে নির্মাণাধীন একটি বিপণিবিতানের ভেতর থেকে,ঝিনাইদহের নির্মাণাধীন ভবনে বৃদ্ধার লাশ
ভারতের প্রথম হিজড়া ব্যান্ড সিক্স প্যাক,কান উৎসবে গান গাইলো ভারতের প্রথম হিজড়া ব্যান্ডদল
অর্থ আত্মসাতের মামলায় গ্রেপ্তার বাংলাদেশের ক্ষুদ্র ও কুটির শিল্প করপোরেশন,অর্থ আত্মসাতের মামলায় কারাগারে বিসিকের দুই প্রকৌশলী
বাগেরহাটের রামপালে কয়লাভিত্তিক তাপ বিদ্যুৎকেন্দ্র,রামপালরূপপুরের বিদ্যুৎপ্রকল্প দেশের স্বার্থবিরোধী: মোশাররফ
পুঁজিবাজারে তালিকাভুক্ত প্যারামাউন্ট টেক্সটাইল,আড়াই লাখ ডলারের যন্ত্রপাতি কিনবে প্যারামাউন্ট টেক্সটাইল
ঃ ফেনীর সোনাগাজীতে চাঁদা না পেয়ে ষাটোর্ধ্ব ব্যক্তিক,বিশ্বের সবচেয়ে শক্তিশালী হ্যামার পদ্মা সেতু প্রকল্পে
লালমনিরহাটে হাতিবান্ধার শিশু আর্জিনা গৃহকর্মী,শিশু গৃহকর্মী আর্জিনার শরীরজুড়ে দগদগে ক্ষত
নড়াইলের আদালততে হাজির না হওয়ায় বিএনপি চেয়ারপারসন খালেদা জিয়ার বিরুদ্ধে গ,নড়াইলে খালেদা জিয়ার বিরুদ্ধে গ্রেপ্তারি পরোয়ানা
রাজধানীতে বিএনপিসহ বিরোধী জোটের ডাকা অবরোধে,ঢাকায় ৩ বাসে আগুন
রাশিয়ায় বিশ্বকাপে নেইমার ও গাব্রিয়েল জেসুস,ব্রাজিলের বিশ্বকাপ জিততে নেইমারজেসুস যথেষ্ট নয়: পেলে
কয়েকবছরের মধ্যে এ বছর সবচেয়ে বড় সূর্য গ্রহণ দেখছে যুক্তরাজ্য ও উত্তর ইউরোপ,সূর্যগ্রহণে ঢাকা পড়েছে পৃথিবী
আইনি লড়াই নিষ্পত্তি শেষে যুদ্ধাপরাধী মীর কাসেম আলীর,কাসেমের ফাঁসিতে আধাবেলা হরতাল জামায়াতের
আদালত অবমাননার শাস্তি ভোগের পর পদত‌্যাগের দাবিকেও চাপ বলেই মনে করছেন না খাদ‌্যমন্ত,কথা বলেই যাব: কামরুল
ঢাকার কেরানীগঞ্জ উপজেলায় ডাকাতি করার সময় চার জনকে ধরে পিটিয়ে পুলিশে দিয়েছে এলাক,কেরানীগঞ্জে ৪ ডাকাতকে গণপিটুনি
চট্টগ্রামে চন্দনাইশে পুলিশের,চট্টগ্রামে হাতবোমাপাইপগান উদ্ধার
ড্যান্ডি ডায়িংয়ের ৪৫ কোটি টাকা খেলাপি ঋণের মামলায় বিএনপি চেয়ারপারসন খাল,ড্যান্ডি ডায়িং মামলায় খালেদাকেও বিবাদী করার আবেদন
স্পট ফিক্সিংয়ের অপরাধে নিষিদ্ধ ৫ বছর,ক্রিকেটে ফিরছেন পাকিস্তানের পেসার আমির
সাতক্ষীরায় পুলিশের গ্রেপ্তার,সাতক্ষীরায় জামায়াতের দুই নেত্রীসহ গ্রেপ্তার ৩৮
"অস্ট্রেলিয়ার নির্বাচকরা মাইকেল ক্লার্ককে বিশ্বকাপের চূড়ান্ত দলে রেখেছেন, কিন্তু",বিশ্বকাপে ক্লার্কই অস্ট্রেলিয়ার অধিনায়ক
ডায়ুচে ভেলের সেরা অনলাইন অ্যাক্টিভিজম অ্যাওয়ার্ড,দ্য ববস প্রতিযোগিতা শুরু
হৃদরোগের কমানোর পাশাপাশি পেট,"কাঠবাদাম খান, ভুঁড়ি কমান"
ঃ ইংল্যান্ডের ক্রিকেটাররা সীমা ছাড়িয়ে গিয়েছিল বলেই,সীমা ছাড়িয়েছিল বাংলাদেশ: বাটলার
৫০ বছর বয়সী মাগুরা সদর উপজেলায় বিদ,মাগুরায় বিদুৎস্পৃষ্টে কৃষকের মৃত্যু
ইংল্যান্ডের নিরাপত্তা দলের সফরের,বাংলাদেশ সফর নিয়ে ক্রিকেটারদের সঙ্গে আলোচনা হয়নি ইসিবির
গ্রামীণফোন,দারাজ মোবাইল উইক মঙ্গলবার থেকে
,"সৌদি গমনেচ্ছুদের ভিড় চট্টগ্রামে, নিবন্ধন ঢাকায়"
ইরাকের সেনা ও মিলিশিয়ারা তিকরিতের উত্তরে কৌশলগত আলআলম শহর থেকে ইসলামিক স্ট,ইরাকি সেনাদের দখলে তিকরিতের উত্তরের শহর
চলতি মৌসুমে ৬০ হাজার মেট্রিক টনের লক্ষ্যমাত্রা নিয়ে কৃষিপণ্য প্রক্রিয়াজাতকার,প্রাণের আম সংগ্রহ শুরু
লা,শেষ মুহূর্তের গোলে ম্যান ইউয়ের জয়
,২১ অগাস্ট গ্রেনেড হামলা: রফিকুলের সাক্ষ্য শুরু
,খাগড়াছড়িতে পাহাড় ধসে ২ জনের মৃত্যু
,দর বেড়েছে পুঁজিবাজারে
"বাংলাদেশে স্বাধীনতার বিরোধিতায় হত্যা, গণহত্যা, ধর্ষণের মতো যুদ্ধাপরাধ",খালাস চেয়ে আজহারের আপিল
লাখোয়,টাঙ্গাইল থাকতে চায় ঢাকা বিভাগে
,এমএনপির নিলাম এক সপ্তাহ পেছাল
হ্যাকিংয়ে ক্ষতিগ্রস্থদের কাছ থেকে অর্থ আদায়ের দায়ে সিরিয়ানকে দোষী সাব্যস্ত,হ্যাকিংয়ে দোষী সিরিয়ান নাগরিক
ভারতের সঙ্গে বিশাল বাণিজ্য ঘাটতি কমাতে দেশটিতে বাংলাদেশের রপ্তানি বাড়ানোর উপর জ,ভারতে রপ্তানি বাড়িয়ে কমাতে হবে বাণিজ‌্য ঘাটতি: তোফায়েল
রবি মোবাইল ফোন অপারেটর,হুয়াওয়ের স্মার্টফোনে বান্ডেল অফার রবির
ভারতের মধ্যপ্রদেশের মান্দসৌরে,"ভারতে আন্দোলনরত কৃষকদের উপর গুলি, নিহত ৫"
ইউরোপায় ব্রিটেনে ফৌজদারী তদন্তাধীন,দুর্নীতি তদন্তের মুখোমুখি এয়ারবাস
সিএনজি অটোরিকশায় আগুন দিয়েছে দুর্বৃত্তরা,ফেনীতে দুটি গাড়িতে আগুন
ভারতের হরিয়ানা রাজ্যে যে কোন ধরনের গরুর মাংস বিক্রি সম্পূর্ণ নিষিদ্ধ,হরিয়ানায় গরুর মাংস বিক্রয়ের ওপর নিষেধাজ্ঞা
র‌্যাব,ঢাকায় ৭টি হাতবোমা উদ্ধার
আদালত অবমাননার রায়ে সর্বোচ্চ আদালত দুই মন্ত্রী কামরুল ইসলাম ও আ ক ম মোজাম্মেল,কামরুলমোজাম্মেলের মন্ত্রী থাকার অধিকার নেই
বিশ্বজিৎ গোস্বামীর প্রথম একক প্রদর্শনী,প্রদর্শনী ইন মোশন
থাইল্যান্ডের অবকাশযাপন কেন্দ্রে হুয়া হিনে বোমা বিস্ফোরণে এক নারী নিহত,"থাইল্যান্ডে জোড়া বিস্ফোরণ, নিহত ১"
চট্টগ্রামে নগরীর দক্ষিণ হালিশহর এলাকার,চট্টগ্রামে ভুয়া চিকিৎসককে কারাদণ্ড
র‌্যাব,"বস্তাভর্তি বিস্ফোরক, অর্ধশতাধিক হাতবোমা উদ্ধার"
আদালতে গরহাজির হয়ে খালেদা জিয়া নিজেই গ্রেপ্তার,খালেদা নিজেই গ্রেপ্তার হতে চান: হাসিনা
৫ মাস,"চট্টগ্রামে গ‌্যাসের ট‌্যাংক বিস্ফোরণ, বায়ু দূষণ সহনীয় পর্যায়ে"
,গাজীপুরে ট্রেনে কাটা পড়ে নারীর মৃত্যু
আগামীতে বাংলাদেশে কোনো ভারতীয় সিনেমা আমদানি,হিন্দি সিনেমা ঠেকানোর আন্দোলন স্থগিত
মুক্তিযুদ্ধকালে পাবনায় রাজাকারের যুদ্ধাপরাধে নেতৃত্ব দিয়েছিলেন জামায়াতের জ্যে,সুবহানের ফাঁসির রায় হত্যাযজ্ঞে
,যশোরে অপহরণের পর একজনকে হত্যা
শনিবার ইউটিউবে প্রকাশিত বস,পাকিস্তানকে গুঁড়িয়ে শুরু ভারতের
বার্সেলোনা কোচ লুইস এনরিকে,মেসিকে জরিমানা করতে চেয়েছিলেন বার্সা কোচ
বিফলে গেল নিউ জিল্যান্ড অধিনায়ক ব্রেন্ডন ম্যাককালামের দারুণ শতক,সহজ জয়ে সিরিজে সমতা আনল শ্রীলঙ্কা
,ফ্রান্সে ভোটের আগের দিন আলোচনায় প্রার্থীর তথ্য ফাঁস
আগামী জাতীয় সংসদ নির্বাচন নিয়ে নির্বাচন কমিশনের অধীনে হবে জানিয়ে আওয়ামী লীগের,"শেখ হাসিনা নয়, ইসির অধীনে নির্বাচন হবে: কাদের"
পুলিশের বিএনপিজামায়াতে ২০ কর্মীকে গ্রেপ্তার,চট্টগ্রামে অভিযানে গ্রেপ্তার ২০
আমির খানের অভিনীত দঙ্গল,৬০ বলের ৪০টি ইয়র্কার করতে হবে
সাম্প্রতিক সময়ে বাংলাদেশের ইতিহাস,তারেকের বক্তব্যের প্রচার বন্ধে রিট
রিও অলিম্পিকের দ্বাদশ দিনে মেয়েদের ফ্রিস্টাইল রেসলিংয়ে তিনটি সোনাই জিতেছে জাপান।,"জাপানের ৩ সোনা, কাওরির ইতিহাস"
আবুল মাল আবদুল মুহিত,সংসদে এমপিদের তোপের মুখে অর্থমন্ত্রী
,ইলেকট্রিক ওয়াটার হিটার
অবরোধের মধ্যে হরতালের রাতে রাজধানীর মিরপুরে বিআরটিসির একটি দোতলা বাসে আগুন দেও,মিরপুরে দোতলা বাসে আগুন
ম্যানচেস্টার ইউনাইটেডের তিন ম্যাচের পর জয়ের পথে ফিরেছে,জয়ে ফিরল ম্যান ইউ
ম্যুভিয়ানা ফিল্ম সোসাইটির আয়োজনে ৬ষ্ঠ বারের মতো আয়োজিত হতে যাচ্ছে বাদল র,চলচ্চিত্রকার বাদল রহমান স্মরণে স্মারক বক্তৃতা
মার্কিন প্রতিষ্ঠান অ্যাডভান্সড মাইক্রো ডিভাইসেস এএমডির প্রান্তিক আয়,আয় বেড়েছে এএমডির
"পুলিশের মতে, বাগেরহাটে মোরেলগঞ্জে গ্রেপ্তার",বাগেরহাটে মৃত্যুদণ্ডপ্রাপ্ত আসামি গ্রেপ্তার
সাত ম্যাচ জয়ের রেকর্ড গড়ার হাতছানি ছিল পেপ গুয়ার্দিওলার সামনে। টটেনহ্যাম হট,ম্যান সিটিতে গুয়ার্দিওলাকে প্রথম হারের স্বাদ দিল টটেনহ্যাম
ফিয়াট ক্রাইসলার,গাড়ি ফেরত চাইল ফিয়াট ক্রাইসলার
বাহুবলী খ্যাত তারকা প্রভাসএর,বাহুবলী তারকা প্রভাসের সঙ্গে জুটি বাঁধছেন ক্যাটরিনা?
চট্টগ্রামে বহদ্দারহাট এলাকার,চট্টগ্রামে সাড়ে ২৭ হাজার ইয়াবাসহ যুবক গ্রেপ্তার
হুতি বিদ্রোহী নিয়ন্ত্রিত ইয়েমেনি এলাকা থেকে মার্কিন নৌবাহিনীর একটি যুদ্ধজাহাজ লক্ষ্য করে দু,ইয়েমেন থেকে যুক্তরাষ্ট্রের যুদ্ধজাহাজ লক্ষ্য করে ক্ষেপণাস্ত্র
রাজধানীতে প্রচণ্ড গরম,গরম উপেক্ষা করে বিনোদন কেন্দ্রে ভিড়
,ঝড় তোলা গাপটিল শান্তই আছেন
কুড়িগ্রামে রাজারহাট উপজেলায় ১০ টাকা কেজির চাল বিক্রির ডিলার নিয়োগে অনি,দশ টাকার চাল: অনিয়মের অভিযোগে খাদ্য অফিসে তালা
সরকারি চাকরিতে লোক নিয়োগে আটত্রিশতম বিসিএসের বিজ্ঞপ্তি,বিজ্ঞপ্তি প্রকাশ: ৩৮তম বিসিএসে নিয়োগ পাবে ২০২৪ জন
৫ মার্চ,সাদুল্লাপুরে শহীদদের শ্রদ্ধা জানাতে গিয়ে আ লীগের দুই পক্ষের সংঘর্ষ
লাগেছেন মাগুরায় অপহৃত গৃহবধূকে,তালিকার চেয়ে বেশি দামে পণ্য বিক্রি করায় জরিমানা
স্বামীর বার্তা নিয়ে প্রধানমন্ত্রী শেখ হাসিনার সঙ্গে দেখা পেতে বিফল আব্দুল কাদের স,খালেদার দেখাও পেলেন না কাদের সিদ্দিকীর স্ত্রী
কক্সবাজারের টেকনাফ উপজেলার শাহপরীর দ্বীপকে সমুদ্র গর্ভে বিলীন হওয়া,শাহপরীর দ্বীপ রক্ষায় বাঁধ পুনর্নির্মাণ প্রকল্প অনুমোদন
স্বাধীনতা ও বাঙালি জাতির ইতিহাস,"মুক্তিযুদ্ধ, স্বাধীনতা ও বাঙালি জাতির ইতিহাস বইয়ের মোড়ক উন্মোচন"
অবৈধভাবে বালু তোলার অভিযোগে মুন্সীগঞ্জের লৌহজংয়ে আটটি ড্রেজার জ্বালি,আটটি ড্রেজার পুড়িয়েছে ভ্রাম্যমাণ আদালত
উয়েফা চ্যাম্পিয়ন্স লিগের কোয়ার্টারফাইনালের টিকেট নিশ্চিত,রোনালদোকে সম্মান মেসির
মাশরাফি বিন মুর্তজা,জয়ের দিন মাশরাফিদের শাস্তি
,"পাতারটেকের সেই বাড়ি মালিকের স্ত্রী, ভাই গ্রেপ্তার"
